-- phpMyAdmin SQL Dump
-- version 4.2.12deb2+deb8u2
-- http://www.phpmyadmin.net
--
-- Host: localhost
-- Generation Time: Apr 20, 2017 at 12:41 AM
-- Server version: 5.5.54-0+deb8u1
-- PHP Version: 5.6.30-0+deb8u1

SET SQL_MODE = "NO_AUTO_VALUE_ON_ZERO";
SET time_zone = "+00:00";


/*!40101 SET @OLD_CHARACTER_SET_CLIENT=@@CHARACTER_SET_CLIENT */;
/*!40101 SET @OLD_CHARACTER_SET_RESULTS=@@CHARACTER_SET_RESULTS */;
/*!40101 SET @OLD_COLLATION_CONNECTION=@@COLLATION_CONNECTION */;
/*!40101 SET NAMES utf8 */;

--
-- Database: `recruitdbv5`
--
CREATE DATABASE IF NOT EXISTS `recruitdbv5` DEFAULT CHARACTER SET utf8 COLLATE utf8_general_ci;
USE `recruitdbv5`;

-- --------------------------------------------------------

--
-- Table structure for table `authen`
--

DROP TABLE IF EXISTS `authen`;
CREATE TABLE IF NOT EXISTS `authen` (
`id` int(11) NOT NULL,
  `login` varchar(45) NOT NULL,
  `password` varchar(65) NOT NULL
) ENGINE=InnoDB AUTO_INCREMENT=2 DEFAULT CHARSET=utf8;

--
-- Dumping data for table `authen`
--

INSERT INTO `authen` (`id`, `login`, `password`) VALUES
(1, 'admin', 'dad3a37aa9d50688b5157698acfd7aee');

-- --------------------------------------------------------

--
-- Table structure for table `member`
--

DROP TABLE IF EXISTS `member`;
CREATE TABLE IF NOT EXISTS `member` (
  `id` int(11) NOT NULL,
  `name` varchar(80) NOT NULL
) ENGINE=InnoDB DEFAULT CHARSET=utf8;

--
-- Dumping data for table `member`
--

INSERT INTO `member` (`id`, `name`) VALUES
(1, 'นายฉัตรชัย คุณปิติลักษณ์'),
(2, 'นายมีธรรม ณ ระนอง'),
(3, 'นายเอนก เหล่าศิริวงศ์'),
(4, 'นายชยุตม์ศักดิ์ ชัยบรรเจิดกุล'),
(5, 'นางสาวกัลยา กิตติธาดากุล'),
(6, 'นายอากาศ มีวุฒิสม'),
(7, 'นายพนมพร ถนอมทรัพย์'),
(8, 'นางสาวเสาวลักษณ์ ฉายโพธิ์พฤกษ์'),
(9, 'นายสิทธานต์ บุญชัยวัฒน์'),
(10, 'นายอิทธิพล เปลี่ยนศาสตร์'),
(11, 'นางสาวกชพรรณ น้อยใจ'),
(12, 'นางสาวกมลเนตร เผือกผ่อง'),
(13, 'นางสาวณัฐชยา บุญเพิ่ม'),
(14, 'นายจักริน อภิวงค์'),
(15, 'นายสมบูรณ์ วัฒน์บำรุงสกุล'),
(16, 'นายทวีวัฒน์ เหลืองวิริยะ'),
(17, 'นางสาวปนัดตา ลิมปดาพันธ์'),
(18, 'นางสาวดนชนก สุวรรณวิบูลย์'),
(19, 'นางสาวธัญวรรณ แก้วชะฏา'),
(20, 'นางสาวปิยะฉัตร สำเร็จกาญจนกิจ'),
(21, 'นายกฤษณ์ กำจาย'),
(22, 'นางสาวเมืองเพลง ปัญญาโชติ'),
(23, 'นายชัยณรงค์ ฉัตรรัตนวารี'),
(24, 'นายวิรัตน์ พึ่งสาระ'),
(25, 'นายศุภธัช มาลยาภรณ์'),
(26, 'นายธวัชชัย ตันฑ์พรชัย'),
(27, 'นายภาคภูมิ เอี่ยมจิตกุศล'),
(28, 'นางสาวเพชรราวลัย ขยันยิ่ง'),
(29, 'นางสาวพิมพร ชัยวีระพัฒนา'),
(30, 'นายทันตภณ ปานนาคทองเจริญ'),
(31, 'นางศุจิมาลย์ สุวรรณโรจน์'),
(32, 'นางสาวกฤชณัท ครินชัย'),
(33, 'นางสาวปิยาภรณ์ ตรีพลอักษร'),
(34, 'นายวรฉัตร เดชโยธิน'),
(35, 'นายสิทธิชัย สุวรรณนุรักษ์'),
(36, 'นายก้องกานต์ พงษ์พานิช'),
(37, 'นายจิตรภาณุ ทองดี'),
(38, 'นางสาวอรวรรณ ฉิมพาลี'),
(39, 'นางสาวรสสุคนธ์ อาจกล้า'),
(40, 'นายมนต์ชัย ศรีเจริญศักดิ์'),
(41, 'นางสาวกมลวรรณ คมใส'),
(42, 'นายวิศิษฏ์ ไหมเพ็ชร'),
(43, 'นายนิธิศ อิศรางกูร'),
(44, 'นางสาววรรณิษา ต้นถาแก้ว'),
(45, 'นางสาวนัฏพร บุญวงศ์วิวัฒน์'),
(46, 'นางสาวพลอยพชร ทวีกิติกุล'),
(47, 'นายปรพล ช้างมงคล'),
(48, 'นางสาวเบญจณัฎฐ์ อมรประสิทธิ์'),
(49, 'นางสาวตรีรัตน์ นิยมไทย'),
(50, 'ว่าที่ ร.ต.หญิงชนาภา หนูเพชร'),
(51, 'นางสาวกุลยาภรณ์ ศักดิ์สาลากุล'),
(52, 'นางสาวสาลินี คงเจริญ'),
(53, 'นายถนอมศักดิ์ ยอดรัก'),
(54, 'นางสุดารัตน์ รอดขาว'),
(55, 'นางสาวกรแก้ว มณฑา'),
(56, 'นางสุนิสา ทรัพย์ยิ่ง'),
(57, 'นางสาวอุษา เชื่อมกลาง'),
(58, 'นางสาวนันทรัชต์ นาคมอญ'),
(59, 'นายประสาน นุมอญ'),
(60, 'นางมนฑดา ไพยรัตน์'),
(61, 'นางสาวนวรัตน์ ปิยะตระกูลเลิศ'),
(62, 'นางสาวน้ำค้าง มุ่งบุญ'),
(63, 'นางณฑินี ปริญญาสุข'),
(64, 'นางอรธีรา ฟูคำ'),
(65, 'นางสาวสุภาวดี เลิศเรืองอนันต์'),
(66, 'นางสาวพวงแก้ว วรางฤทธิ์'),
(67, 'นางสาวศศภัทร ปิติเสรีกุล'),
(68, 'นางมยุรี เสาะด้น'),
(69, 'นางสาวสุรีย์ภรณ์ ลิขิตลิลิต'),
(70, 'นายฉัตรมงคล รุ่งรัตน์มณีวงษ์'),
(71, 'นางอมรรัตน์ เสงี่ยมลักษณ์'),
(72, 'นางสาวสาต์นิธิ จานประดับ'),
(73, 'นางดารัณ ติมลรัมย์'),
(74, 'นางสาวพูลสิริ จันทร์เสวี'),
(75, 'นางวิภาวดี ชุณหชา'),
(76, 'นางสาววรัชญ์ชนันท์ เพชรณรงค์'),
(77, 'นายรัฐชพงศ์ สันติเมทนีดล'),
(78, 'นายไพฑูรย์ บุตรี'),
(79, 'นายนิพนธ์ จงรักตระกูล'),
(80, 'นางสาวทองรินทร์ ยิ้มปิ่น'),
(81, 'นายศิระ นกยูงทอง'),
(82, 'นายอนุชิต ชโลธร'),
(83, 'นายธวัชชัย โคตรวงษ์'),
(84, 'นายสมศักดิ์ สุคำภา'),
(85, 'นางสาวปารนีย์ ดิบดี'),
(86, 'นางสาววรรณนิภา วงค์อามาตย์'),
(87, 'นางสาวจตุรภรณ์ โชคภูเขียว'),
(88, 'นายประดิษฐ์ คงภูงา'),
(89, 'นายเลิศฤทธิ์ สนธิรักษ์'),
(90, 'นายพงศ์ศักดิ์ อริยจิตไพศาล'),
(91, 'นายศราวุธ เลาหะวิสุทธิ์'),
(92, 'นายพีรพงษ์ ดวงรัตน์'),
(93, 'นางณัฐกานต์ อมาตยกุล'),
(94, 'นางสาวปณชล สาธรรม'),
(95, 'นางวิไลพร ถานะวุฒิพงศ์'),
(96, 'นางภัคภร กาญจนสกุล'),
(97, 'นายประชา อัศวธีระ'),
(98, 'นางสาวสุชาดา เจียรพิพัฒน์พงศ์'),
(99, 'นายต้น ใจตรง'),
(100, 'นางสาวสุมิตตรา หยิกซ้าย'),
(101, 'นางสาวจิตศิริ วงศ์สุวรรณ'),
(102, 'นายปกรณ์ ชัยสิทธิ์'),
(103, 'นางสาวซาโรนี บินบอสอ');

-- --------------------------------------------------------

--
-- Table structure for table `position`
--

DROP TABLE IF EXISTS `position`;
CREATE TABLE IF NOT EXISTS `position` (
  `id` int(11) NOT NULL,
  `title` varchar(255) DEFAULT NULL,
  `total` int(11) DEFAULT NULL
) ENGINE=InnoDB DEFAULT CHARSET=utf8;

--
-- Dumping data for table `position`
--

INSERT INTO `position` (`id`, `title`, `total`) VALUES
(0, 'none', 300),
(110000, 'หน่วยงานสังกัดผู้อำนวยการ', 0),
(111000, 'ผู้ช่วยผู้อำนวยการ', 0),
(111001, 'ผู้ช่วยผู้อำนวยการ (ด้านเศรษฐกิจ)', 1),
(111002, 'ผู้ช่วยผู้อำนวยการ (ด้านสังคม)', 1),
(112000, 'ฝ่ายตรวจสอบภายใน', 0),
(112001, 'ผู้อำนวยการฝ่ายตรวจสอบภายใน', 1),
(112002, 'เจ้าหน้าที่อาวุโส ฝ่ายตรวจสอบภายใน', 1),
(112003, 'เจ้าหน้าที่ ระดับ ๓ ฝ่ายตรวจสอบภายใน', 1),
(113000, 'ฝ่ายส่งเสริมและสนับสนุนบริการในพื้นที่', 0),
(113001, 'ผู้อำนวยการฝ่าย ฝ่ายส่งเสริมและสนับสนุนบริการในพื้นที่', 1),
(113100, 'สาขาภาคเหนือตอนบน', 0),
(113101, 'ผู้จัดการสาขาภาคเหนือตอนบน', 1),
(113102, 'เจ้าหน้าที่อาวุโส สาขาภาคเหนือตอนบน', 1),
(113103, 'เจ้าหน้าที่ระดับ ๓ สาขาภาคเหนือตอนบน', 1),
(113104, 'เจ้าหน้าที่ระดับ ๒ สาขาภาคเหนือตอนบน', 2),
(113105, 'เจ้าหน้าที่ระดับ ๑ สาขาภาคเหนือตอนบน', 1),
(113200, 'สาขาภาคอีสานตอนกลาง', 0),
(113201, 'ผู้จัดการสาขาภาคอีสานตอนกลาง', 1),
(113202, 'เจ้าหน้าที่อาวุโส สาขาภาคอีสานตอนกลาง', 1),
(113203, 'เจ้าหน้าที่ระดับ ๓ สาขาภาคอีสานตอนกลาง', 1),
(113204, 'เจ้าหน้าที่ระดับ ๒ สาขาภาคอีสานตอนกลาง', 2),
(113205, 'เจ้าหน้าที่ระดับ ๑ สาขาภาคอีสานตอนกลาง', 1),
(113300, 'สาขาภาคใต้ตอนบน', 0),
(113301, 'ผู้จัดการสาขาภาคใต้ตอนบน', 1),
(113302, 'เจ้าหน้าที่อาวุโส สาขาภาคใต้ตอนบน', 1),
(113303, 'เจ้าหน้าที่ระดับ ๓ สาขาภาคใต้ตอนบน', 1),
(113304, 'เจ้าหน้าที่ระดับ ๒ สาขาภาคใต้ตอนบน', 2),
(113305, 'เจ้าหน้าที่ระดับ ๑ สาขาภาคใต้ตอนบน', 1),
(120000, 'กลุ่มศูนย์พัฒนาดิจิทัลและนวัตกรรม', 0),
(121000, 'โครงการพิเศษ ๑', 0),
(121001, 'ผู้อำนวยการโครงการ ๑', 1),
(121002, 'เจ้าหน้าที่อาวุโส โครงการพิเศษ ๑', 1),
(121003, 'เจ้าหน้าที่ ระดับ ๓ โครงการพิเศษ ๑', 2),
(121004, 'เจ้าหน้าที่ ระดับ ๑ โครงการพิเศษ ๑', 1),
(122000, 'โครงการพิเศษ ๒', 0),
(122001, 'ผู้อำนวยการโครงการ ๒', 1),
(122002, 'เจ้าหน้าที่อาวุโส โครงการพิเศษ ๒', 1),
(122003, 'เจ้าหน้าที่ ระดับ ๓ โครงการพิเศษ ๒', 2),
(122004, 'เจ้าหน้าที่ ระดับ ๑ โครงการพิเศษ ๒', 1),
(130000, 'กลุ่มสังคมและกำลังคนดิจิทัล', 0),
(131000, 'ฝ่ายส่งเสริมและสนับสนุนการพัฒนาชุมชน', 0),
(131001, 'ผู้อำนวยการฝ่าย ฝ่ายส่งเสริมและสนับสนุนการพัฒนาชุมชน', 1),
(131002, 'ผู้เชี่ยวชาญอาวุโส ฝ่ายส่งเสริมและสนับสนุนการพัฒนาชุมชน', 1),
(131003, 'เจ้าหน้าที่อาวุโส ฝ่ายส่งเสริมและสนับสนุนการพัฒนาชุมชน', 1),
(131004, 'เจ้าหน้าที่ ระดับ ๓ ฝ่ายส่งเสริมและสนับสนุนการพัฒนาชุมชน', 1),
(131005, 'เจ้าหน้าที่ ระดับ ๒ ฝ่ายส่งเสริมและสนับสนุนการพัฒนาชุมชน', 1),
(131006, 'เจ้าหน้าที่ ระดับ ๑ ฝ่ายส่งเสริมและสนับสนุนการพัฒนาชุมชน', 1),
(132000, 'ฝ่ายส่งเสริมและสนับสนุนการพัฒนาคุณภาพชีวิตและความมั่นคง', 0),
(132001, 'ผู้อำนวยการฝ่าย ฝ่ายส่งเสริมและสนับสนุนการพัฒนาคุณภาพชีวิตและความมั่นคง', 1),
(132002, 'ผู้เชี่ยวชาญอาวุโส ฝ่ายส่งเสริมและสนับสนุนการพัฒนาคุณภาพชีวิตและความมั่นคง', 1),
(132003, 'เจ้าหน้าที่อาวุโส ฝ่ายส่งเสริมและสนับสนุนการพัฒนาคุณภาพชีวิตและความมั่นคง', 1),
(132004, 'เจ้าหน้าที่ ระดับ ๓ ฝ่ายส่งเสริมและสนับสนุนการพัฒนาคุณภาพชีวิตและความมั่นคง', 1),
(132005, 'เจ้าหน้าที่ ระดับ ๑ ฝ่ายส่งเสริมและสนับสนุนการพัฒนาคุณภาพชีวิตและความมั่นคง', 1),
(133000, 'ฝ่ายส่งเสริมการพัฒนากำลังคนดิจิทัล', 0),
(133001, 'ผู้อำนวยการฝ่าย ฝ่ายส่งเสริมการพัฒนากำลังคนดิจิทัล', 1),
(133002, 'ผู้เชี่ยวชาญอาวุโส ฝ่ายส่งเสริมการพัฒนากำลังคนดิจิทัล', 1),
(133003, 'เจ้าหน้าที่อาวุโส ฝ่ายส่งเสริมการพัฒนากำลังคนดิจิทัล', 1),
(133004, 'เจ้าหน้าที่ ระดับ ๓ ฝ่ายส่งเสริมการพัฒนากำลังคนดิจิทัล', 1),
(133005, 'เจ้าหน้าที่ ระดับ ๒ ฝ่ายส่งเสริมการพัฒนากำลังคนดิจิทัล', 1),
(133006, 'เจ้าหน้าที่ ระดับ ๑ ฝ่ายส่งเสริมการพัฒนากำลังคนดิจิทัล', 1),
(140000, 'กลุ่มเศรษฐกิจดิจิทัล', 0),
(141000, 'ฝ่ายส่งเสริมและสนับสนุนการพัฒนาการเกษตรสมัยใหม่', 0),
(141001, 'ผู้อำนวยการฝ่าย ฝ่ายส่งเสริมและสนับสนุนการพัฒนาการเกษตรสมัยใหม่', 1),
(141002, 'ผู้เชี่ยวชาญอาวุโส ฝ่ายส่งเสริมและสนับสนุนการพัฒนาการเกษตรสมัยใหม่', 1),
(141003, 'เจ้าหน้าที่อาวุโส ฝ่ายส่งเสริมและสนับสนุนการพัฒนาการเกษตรสมัยใหม่', 1),
(141004, 'เจ้าหน้าที่ ระดับ ๓ ฝ่ายส่งเสริมและสนับสนุนการพัฒนาการเกษตรสมัยใหม่', 1),
(141005, 'เจ้าหน้าที่ ระดับ ๑ ฝ่ายส่งเสริมและสนับสนุนการพัฒนาการเกษตรสมัยใหม่', 1),
(142000, 'ฝ่ายส่งเสริมและสนับสนุนการพัฒนาอุตสาหกรรมและธุรกิจ', 0),
(142001, 'ผู้อำนวยการฝ่าย ฝ่ายส่งเสริมและสนับสนุนการพัฒนาอุตสาหกรรมและธุรกิจ', 1),
(142002, 'ผู้เชี่ยวชาญอาวุโส ฝ่ายส่งเสริมและสนับสนุนการพัฒนาอุตสาหกรรมและธุรกิจ', 1),
(142003, 'เจ้าหน้าที่อาวุโส ฝ่ายส่งเสริมและสนับสนุนการพัฒนาอุตสาหกรรมและธุรกิจ', 1),
(142004, 'เจ้าหน้าที่ ระดับ ๓ ฝ่ายส่งเสริมและสนับสนุนการพัฒนาอุตสาหกรรมและธุรกิจ', 1),
(142005, 'เจ้าหน้าที่ ระดับ ๒ ฝ่ายส่งเสริมและสนับสนุนการพัฒนาอุตสาหกรรมและธุรกิจ', 1),
(142006, 'เจ้าหน้าที่ ระดับ ๑ ฝ่ายส่งเสริมและสนับสนุนการพัฒนาอุตสาหกรรมและธุรกิจ', 2),
(143000, 'ฝ่ายส่งเสริมอุตสาหกรรมดิจิทัล', 0),
(143001, 'ผู้อำนวยการฝ่าย ฝ่ายส่งเสริมอุตสาหกรรมดิจิทัล', 1),
(143100, 'ส่วนส่งเสริมการลงทุน', 0),
(143101, 'ผู้จัดการส่วน ส่วนส่งเสริมการลงทุน', 1),
(143102, 'เจ้าหน้าที่อาวุโส ส่วนส่งเสริมการลงทุน', 1),
(143103, 'เจ้าหน้าที่ ระดับ ๓ ส่วนส่งเสริมการลงทุน', 2),
(143104, 'เจ้าหน้าที่ ระดับ ๒ ส่วนส่งเสริมการลงทุน', 1),
(143105, 'เจ้าหน้าที่ ระดับ ๑ ส่วนส่งเสริมการลงทุน', 1),
(143200, 'ส่วนส่งเสริมการตลาด', 0),
(143201, 'ผู้จัดการส่วน ส่วนส่งเสริมการตลาด', 1),
(143202, 'เจ้าหน้าที่อาวุโส ส่วนส่งเสริมการตลาด', 1),
(143203, 'เจ้าหน้าที่ ระดับ ๓ ส่วนส่งเสริมการตลาด', 2),
(143204, 'เจ้าหน้าที่ ระดับ ๒ ส่วนส่งเสริมการตลาด', 1),
(150000, 'กลุ่มยุทธศาสตร์และบริหาร', 0),
(151000, 'ฝ่ายนโยบายและยุทธศาสตร์', 0),
(151001, 'ผู้อำนวยการฝ่าย ฝ่ายนโยบายและยุทธศาสตร์', 1),
(151002, 'ผู้เชี่ยวชาญอาวุโส ฝ่ายนโยบายและยุทธศาสตร์', 1),
(151003, 'เจ้าหน้าที่อาวุโส ฝ่ายนโยบายและยุทธศาสตร์', 1),
(151004, 'เจ้าหน้าที่ ระดับ ๓ ฝ่ายนโยบายและยุทธศาสตร์', 1),
(151005, 'เจ้าหน้าที่ ระดับ ๒ ฝ่ายนโยบายและยุทธศาสตร์', 2),
(151006, 'เจ้าหน้าที่ ระดับ ๑ ฝ่ายนโยบายและยุทธศาสตร์', 2),
(152000, 'ฝ่ายกลยุทธ์องค์กร', 0),
(152001, 'ผู้อำนวยการฝ่าย ฝ่ายกลยุทธ์องค์กร', 1),
(152100, 'ส่วนกลยุทธ์และงบประมาณ', 0),
(152101, 'ผู้จัดการส่วน ส่วนกลยุทธ์และงบประมาณ', 1),
(152102, 'เจ้าหน้าที่อาวุโส ส่วนกลยุทธ์และงบประมาณ', 2),
(152103, 'เจ้าหน้าที่ ระดับ ๓ ส่วนกลยุทธ์และงบประมาณ', 1),
(152104, 'เจ้าหน้าที่ ระดับ ๒ ส่วนกลยุทธ์และงบประมาณ', 1),
(152105, 'เจ้าหน้าที่ ระดับ ๑ ส่วนกลยุทธ์และงบประมาณ', 1),
(152200, 'ส่วนติดตามและประเมินผล', 0),
(152201, 'ผู้จัดการส่วน ส่วนติดตามและประเมินผล', 1),
(152202, 'เจ้าหน้าที่อาวุโส ส่วนติดตามและประเมินผล', 1),
(152203, 'เจ้าหน้าที่ ระดับ ๓ ส่วนติดตามและประเมินผล', 1),
(152204, 'เจ้าหน้าที่ ระดับ ๑ ส่วนติดตามและประเมินผล', 1),
(153000, 'ฝ่ายอำนวยการสำนักงาน', 0),
(153001, 'ผู้อำนวยการฝ่าย ฝ่ายอำนวยการสำนักงาน', 1),
(153100, 'ส่วนเลขานุการและสารบรรณ', 0),
(153101, 'ผู้จัดการส่วน ส่วนเลขานุการและสารบรรณ', 1),
(153102, 'เจ้าหน้าที่อาวุโส ส่วนเลขานุการและสารบรรณ', 2),
(153103, 'เจ้าหน้าที่ ระดับ ๓ ส่วนเลขานุการและสารบรรณ', 1),
(153104, 'เจ้าหน้าที่ ระดับ ๒ ส่วนเลขานุการและสารบรรณ', 1),
(153105, 'เจ้าหน้าที่ ระดับ ๑ ส่วนเลขานุการและสารบรรณ', 2),
(153200, 'ส่วนประชาสัมพันธ์และสื่อสารองค์กร', 0),
(153201, 'ผู้จัดการส่วน ส่วนประชาสัมพันธ์และสื่อสารองค์กร', 1),
(153202, 'เจ้าหน้าที่อาวุโส ส่วนประชาสัมพันธ์และสื่อสารองค์กร', 2),
(153203, 'เจ้าหน้าที่ ระดับ ๓ ส่วนประชาสัมพันธ์และสื่อสารองค์กร', 1),
(153300, 'ส่วนกฎหมาย', 0),
(153301, 'ผู้จัดการส่วน ส่วนกฎหมาย', 1),
(153302, 'เจ้าหน้าที่อาวุโส ส่วนกฎหมาย', 2),
(153303, 'เจ้าหน้าที่ ระดับ ๓ ส่วนกฎหมาย', 1),
(154000, 'ฝ่ายบริหารทรัพยากรองค์กรและบุคคล', 0),
(154001, 'ผู้อำนวยการฝ่าย ฝ่ายบริหารทรัพยากรองค์กรและบุคคล', 1),
(154100, 'ส่วนบริหารและพัฒนาบุคคล', 0),
(154101, 'ผู้จัดการส่วน ส่วนบริหารและพัฒนาบุคคล', 1),
(154102, 'เจ้าหน้าที่อาวุโส ส่วนบริหารและพัฒนาบุคคล', 2),
(154103, 'เจ้าหน้าที่ ระดับ ๓ ส่วนบริหารและพัฒนาบุคคล', 1),
(154104, 'เจ้าหน้าที่ ระดับ ๑ ส่วนบริหารและพัฒนาบุคคล', 1),
(154200, 'ส่วนเทคโนโลยีดิจิทัลและสารสนเทศ', 0),
(154201, 'ผู้จัดการส่วน ส่วนเทคโนโลยีดิจิทัลและสารสนเทศ', 1),
(154202, 'เจ้าหน้าที่อาวุโส ส่วนเทคโนโลยีดิจิทัลและสารสนเทศ', 2),
(154203, 'เจ้าหน้าที่ ระดับ ๓ ส่วนเทคโนโลยีดิจิทัลและสารสนเทศ', 1),
(154204, 'เจ้าหน้าที่ ระดับ ๑ ส่วนเทคโนโลยีดิจิทัลและสารสนเทศ', 1),
(155000, 'ฝ่ายบริหารการคลังและบริการกลาง', 0),
(155001, 'ผู้อำนวยการฝ่าย ฝ่ายบริหารการคลังและบริการกลาง', 1),
(155100, 'ส่วนการเงินและบัญชี', 0),
(155101, 'ผู้จัดการส่วน ส่วนการเงินและบัญชี', 1),
(155102, 'เจ้าหน้าที่อาวุโส ส่วนการเงินและบัญชี', 2),
(155103, 'เจ้าหน้าที่ ระดับ ๓ ส่วนการเงินและบัญชี', 1),
(155104, 'เจ้าหน้าที่ ระดับ ๒ ส่วนการเงินและบัญชี', 1),
(155105, 'เจ้าหน้าที่ ระดับ ๑ ส่วนการเงินและบัญชี', 1),
(155200, 'ส่วนบริการกลางและพัสดุ', 0),
(155201, 'ผู้จัดการส่วน ส่วนบริการกลางและพัสดุ', 1),
(155202, 'เจ้าหน้าที่อาวุโส ส่วนบริการกลางและพัสดุ', 2),
(155203, 'เจ้าหน้าที่ ระดับ ๓ ส่วนบริการกลางและพัสดุ', 1),
(155204, 'เจ้าหน้าที่ ระดับ ๑ ส่วนบริการกลางและพัสดุ', 1);

-- --------------------------------------------------------

--
-- Table structure for table `position_has_member`
--

DROP TABLE IF EXISTS `position_has_member`;
CREATE TABLE IF NOT EXISTS `position_has_member` (
  `position_id` int(11) NOT NULL,
  `member_id` int(11) NOT NULL,
  `order` int(11) NOT NULL,
  `score` float DEFAULT NULL
) ENGINE=InnoDB DEFAULT CHARSET=utf8;

--
-- Dumping data for table `position_has_member`
--

INSERT INTO `position_has_member` (`position_id`, `member_id`, `order`, `score`) VALUES
(0, 10, 3, 69),
(0, 11, 1, NULL),
(0, 11, 2, NULL),
(0, 11, 3, NULL),
(0, 12, 1, NULL),
(0, 12, 2, NULL),
(0, 12, 3, NULL),
(0, 13, 1, NULL),
(0, 13, 2, NULL),
(0, 13, 3, NULL),
(0, 14, 1, NULL),
(0, 14, 2, NULL),
(0, 14, 3, NULL),
(0, 15, 1, NULL),
(0, 15, 2, NULL),
(0, 15, 3, NULL),
(0, 16, 1, NULL),
(0, 16, 2, NULL),
(0, 16, 3, NULL),
(0, 17, 1, NULL),
(0, 17, 2, NULL),
(0, 17, 3, NULL),
(0, 18, 1, NULL),
(0, 18, 2, NULL),
(0, 18, 3, NULL),
(0, 19, 1, NULL),
(0, 19, 2, NULL),
(0, 19, 3, NULL),
(0, 20, 1, NULL),
(0, 20, 2, NULL),
(0, 20, 3, NULL),
(0, 21, 1, NULL),
(0, 21, 2, NULL),
(0, 21, 3, NULL),
(0, 22, 1, NULL),
(0, 22, 2, NULL),
(0, 22, 3, NULL),
(0, 23, 1, NULL),
(0, 23, 2, NULL),
(0, 23, 3, NULL),
(0, 24, 1, NULL),
(0, 24, 2, NULL),
(0, 24, 3, NULL),
(0, 25, 1, NULL),
(0, 25, 2, NULL),
(0, 25, 3, NULL),
(0, 26, 1, NULL),
(0, 26, 2, NULL),
(0, 26, 3, NULL),
(0, 27, 1, NULL),
(0, 27, 2, NULL),
(0, 27, 3, NULL),
(0, 28, 1, NULL),
(0, 28, 2, NULL),
(0, 28, 3, NULL),
(0, 29, 1, NULL),
(0, 29, 2, NULL),
(0, 29, 3, NULL),
(0, 30, 1, NULL),
(0, 30, 2, NULL),
(0, 30, 3, NULL),
(0, 31, 1, NULL),
(0, 31, 2, NULL),
(0, 31, 3, NULL),
(0, 32, 1, NULL),
(0, 32, 2, NULL),
(0, 32, 3, NULL),
(0, 33, 1, NULL),
(0, 33, 2, NULL),
(0, 33, 3, NULL),
(0, 34, 1, NULL),
(0, 34, 2, NULL),
(0, 34, 3, NULL),
(0, 35, 1, NULL),
(0, 35, 2, NULL),
(0, 35, 3, NULL),
(0, 36, 1, NULL),
(0, 36, 2, NULL),
(0, 36, 3, NULL),
(0, 37, 1, NULL),
(0, 37, 2, NULL),
(0, 37, 3, NULL),
(0, 38, 1, NULL),
(0, 38, 2, NULL),
(0, 38, 3, NULL),
(0, 39, 1, NULL),
(0, 39, 2, NULL),
(0, 39, 3, NULL),
(0, 40, 1, NULL),
(0, 40, 2, NULL),
(0, 40, 3, NULL),
(0, 41, 1, NULL),
(0, 41, 2, NULL),
(0, 41, 3, NULL),
(0, 42, 1, NULL),
(0, 42, 2, NULL),
(0, 42, 3, NULL),
(0, 43, 1, NULL),
(0, 43, 2, NULL),
(0, 43, 3, NULL),
(0, 44, 1, NULL),
(0, 44, 2, NULL),
(0, 44, 3, NULL),
(0, 45, 1, NULL),
(0, 45, 2, NULL),
(0, 45, 3, NULL),
(0, 46, 1, NULL),
(0, 46, 2, NULL),
(0, 46, 3, NULL),
(0, 47, 1, NULL),
(0, 47, 2, NULL),
(0, 47, 3, NULL),
(0, 48, 1, NULL),
(0, 48, 2, NULL),
(0, 48, 3, NULL),
(0, 49, 1, NULL),
(0, 49, 2, NULL),
(0, 49, 3, NULL),
(0, 50, 1, NULL),
(0, 50, 2, NULL),
(0, 50, 3, NULL),
(0, 51, 1, NULL),
(0, 51, 2, NULL),
(0, 51, 3, NULL),
(0, 52, 1, NULL),
(0, 52, 2, NULL),
(0, 52, 3, NULL),
(0, 53, 1, NULL),
(0, 53, 2, NULL),
(0, 53, 3, NULL),
(0, 54, 1, NULL),
(0, 54, 2, NULL),
(0, 54, 3, NULL),
(0, 55, 1, NULL),
(0, 55, 2, NULL),
(0, 55, 3, NULL),
(0, 56, 1, NULL),
(0, 56, 2, NULL),
(0, 56, 3, NULL),
(0, 57, 1, NULL),
(0, 57, 2, NULL),
(0, 57, 3, NULL),
(0, 58, 1, NULL),
(0, 58, 2, NULL),
(0, 58, 3, NULL),
(0, 59, 1, NULL),
(0, 59, 2, NULL),
(0, 59, 3, NULL),
(0, 60, 1, NULL),
(0, 60, 2, NULL),
(0, 60, 3, NULL),
(0, 61, 1, NULL),
(0, 61, 2, NULL),
(0, 61, 3, NULL),
(0, 62, 1, NULL),
(0, 62, 2, NULL),
(0, 62, 3, NULL),
(0, 63, 1, NULL),
(0, 63, 2, NULL),
(0, 63, 3, NULL),
(0, 64, 1, NULL),
(0, 64, 2, NULL),
(0, 64, 3, NULL),
(0, 65, 1, NULL),
(0, 65, 2, NULL),
(0, 65, 3, NULL),
(0, 66, 1, NULL),
(0, 66, 2, NULL),
(0, 66, 3, NULL),
(0, 67, 1, NULL),
(0, 67, 2, NULL),
(0, 67, 3, NULL),
(0, 68, 1, NULL),
(0, 68, 2, NULL),
(0, 68, 3, NULL),
(0, 69, 1, NULL),
(0, 69, 2, NULL),
(0, 69, 3, NULL),
(0, 70, 1, NULL),
(0, 70, 2, NULL),
(0, 70, 3, NULL),
(0, 71, 1, NULL),
(0, 71, 2, NULL),
(0, 71, 3, NULL),
(0, 72, 1, NULL),
(0, 72, 2, NULL),
(0, 72, 3, NULL),
(0, 73, 1, NULL),
(0, 73, 2, NULL),
(0, 73, 3, NULL),
(0, 74, 1, NULL),
(0, 74, 2, NULL),
(0, 74, 3, NULL),
(0, 75, 1, NULL),
(0, 75, 2, NULL),
(0, 75, 3, NULL),
(0, 76, 1, NULL),
(0, 76, 2, NULL),
(0, 76, 3, NULL),
(0, 77, 1, NULL),
(0, 77, 2, NULL),
(0, 77, 3, NULL),
(0, 78, 1, NULL),
(0, 78, 2, NULL),
(0, 78, 3, NULL),
(0, 79, 1, NULL),
(0, 79, 2, NULL),
(0, 79, 3, NULL),
(0, 80, 1, NULL),
(0, 80, 2, NULL),
(0, 80, 3, NULL),
(0, 81, 1, NULL),
(0, 81, 2, NULL),
(0, 81, 3, NULL),
(0, 82, 1, NULL),
(0, 82, 2, NULL),
(0, 82, 3, NULL),
(0, 83, 1, NULL),
(0, 83, 2, NULL),
(0, 83, 3, NULL),
(0, 84, 1, NULL),
(0, 84, 2, NULL),
(0, 84, 3, NULL),
(0, 85, 1, NULL),
(0, 85, 2, NULL),
(0, 85, 3, NULL),
(0, 86, 1, NULL),
(0, 86, 2, NULL),
(0, 86, 3, NULL),
(0, 87, 1, NULL),
(0, 87, 2, NULL),
(0, 87, 3, NULL),
(0, 88, 1, NULL),
(0, 88, 2, NULL),
(0, 88, 3, NULL),
(0, 89, 1, NULL),
(0, 89, 2, NULL),
(0, 89, 3, NULL),
(0, 90, 1, NULL),
(0, 90, 2, NULL),
(0, 90, 3, NULL),
(0, 91, 1, NULL),
(0, 91, 2, NULL),
(0, 91, 3, NULL),
(0, 92, 1, NULL),
(0, 92, 2, NULL),
(0, 92, 3, NULL),
(0, 93, 1, NULL),
(0, 93, 2, NULL),
(0, 93, 3, NULL),
(0, 94, 1, NULL),
(0, 94, 2, NULL),
(0, 94, 3, NULL),
(0, 95, 1, NULL),
(0, 95, 2, NULL),
(0, 95, 3, NULL),
(0, 96, 1, NULL),
(0, 96, 2, NULL),
(0, 96, 3, NULL),
(0, 97, 1, NULL),
(0, 97, 2, NULL),
(0, 97, 3, NULL),
(0, 98, 1, NULL),
(0, 98, 2, NULL),
(0, 98, 3, NULL),
(0, 99, 1, NULL),
(0, 99, 2, NULL),
(0, 99, 3, NULL),
(0, 100, 1, NULL),
(0, 100, 2, NULL),
(0, 100, 3, NULL),
(0, 101, 1, NULL),
(0, 101, 2, NULL),
(0, 101, 3, NULL),
(0, 102, 1, NULL),
(0, 102, 2, NULL),
(0, 102, 3, NULL),
(0, 103, 1, NULL),
(0, 103, 2, NULL),
(0, 103, 3, NULL),
(111001, 5, 3, 72),
(111001, 6, 2, 85),
(111001, 10, 1, 86),
(111002, 1, 2, 89),
(111002, 2, 1, 97),
(111002, 3, 3, 74),
(111002, 4, 1, 74),
(111002, 5, 2, 96),
(111002, 6, 1, 76),
(111002, 7, 1, 85),
(112001, 1, 1, 98),
(112001, 2, 2, 86),
(112001, 3, 1, 96),
(112001, 4, 2, 65),
(112001, 5, 1, 89),
(112001, 6, 3, 94),
(112001, 7, 2, 67),
(112002, 7, 3, 83),
(112003, 8, 2, 84),
(112003, 9, 2, 76),
(113001, 9, 3, 63),
(113101, 4, 3, 83),
(113101, 8, 3, 63),
(113101, 10, 2, 77),
(113102, 2, 3, 95),
(113102, 3, 2, 86),
(113102, 8, 1, 85),
(113102, 9, 1, 76),
(113103, 1, 3, 86);

--
-- Indexes for dumped tables
--

--
-- Indexes for table `authen`
--
ALTER TABLE `authen`
 ADD PRIMARY KEY (`id`);

--
-- Indexes for table `member`
--
ALTER TABLE `member`
 ADD PRIMARY KEY (`id`);

--
-- Indexes for table `position`
--
ALTER TABLE `position`
 ADD PRIMARY KEY (`id`);

--
-- Indexes for table `position_has_member`
--
ALTER TABLE `position_has_member`
 ADD PRIMARY KEY (`position_id`,`member_id`,`order`), ADD KEY `fk_position_has_member_member1_idx` (`member_id`), ADD KEY `fk_position_has_member_position_idx` (`position_id`);

--
-- AUTO_INCREMENT for dumped tables
--

--
-- AUTO_INCREMENT for table `authen`
--
ALTER TABLE `authen`
MODIFY `id` int(11) NOT NULL AUTO_INCREMENT,AUTO_INCREMENT=2;
--
-- Constraints for dumped tables
--

--
-- Constraints for table `position_has_member`
--
ALTER TABLE `position_has_member`
ADD CONSTRAINT `fk_position_has_member_member1` FOREIGN KEY (`member_id`) REFERENCES `member` (`id`) ON DELETE NO ACTION ON UPDATE NO ACTION,
ADD CONSTRAINT `fk_position_has_member_position` FOREIGN KEY (`position_id`) REFERENCES `position` (`id`) ON DELETE NO ACTION ON UPDATE NO ACTION;

/*!40101 SET CHARACTER_SET_CLIENT=@OLD_CHARACTER_SET_CLIENT */;
/*!40101 SET CHARACTER_SET_RESULTS=@OLD_CHARACTER_SET_RESULTS */;
/*!40101 SET COLLATION_CONNECTION=@OLD_COLLATION_CONNECTION */;
